Kann ich bitte Ihre Telefonnummer haben;TELEFONNUMMER_BEKOMMEN
Wie lautet Ihre Telefonnummer;TELEFONNUMMER_BEKOMMEN
Würden Sie mir Ihre Telefonnummer geben;TELEFONNUMMER_BEKOMMEN
Könnten Sie mir Ihre Handynummer nennen;TELEFONNUMMER_BEKOMMEN
Ich brauche Ihre Telefonnummer;TELEFONNUMMER_BEKOMMEN
Dürfte ich Ihre Telefonnummer bekommen;TELEFONNUMMER_BEKOMMEN
Wie ist Ihre Telefonnummer;TELEFONNUMMER_BEKOMMEN
Könnten Sie mir Ihre Telefonnummer mitteilen;TELEFONNUMMER_BEKOMMEN
Bitte geben Sie mir Ihre Telefonnummer;TELEFONNUMMER_BEKOMMEN
Haben Sie eine Telefonnummer für mich;TELEFONNUMMER_BEKOMMEN
Unter welcher Nummer erreiche ich Sie;TELEFONNUMMER_BEKOMMEN
Darf ich Ihre Nummer haben;TELEFONNUMMER_BEKOMMEN
Wie kann ich Sie telefonisch erreichen;TELEFONNUMMER_BEKOMMEN
Geben Sie mir bitte Ihre Nummer;TELEFONNUMMER_BEKOMMEN
Was ist Ihre Handynummer;TELEFONNUMMER_BEKOMMEN
Wie lautet Ihre Handynummer;TELEFONNUMMER_BEKOMMEN
Telefonkontakt bitte;TELEFONNUMMER_BEKOMMEN
Ihre Telefonnummer bitte;TELEFONNUMMER_BEKOMMEN
Darf ich Ihre Handynummer erfahren;TELEFONNUMMER_BEKOMMEN
Wie lautet Ihre Nummer;TELEFONNUMMER_BEKOMMEN
Ich benötige Ihre Telefonnummer;TELEFONNUMMER_BEKOMMEN
Wie erreiche ich Sie telefonisch;TELEFONNUMMER_BEKOMMEN
Können Sie mir Ihre Nummer geben;TELEFONNUMMER_BEKOMMEN
Ihre Telefonnummer hätte ich gerne;TELEFONNUMMER_BEKOMMEN
Telefonische Erreichbarkeit;TELEFONNUMMER_BEKOMMEN
Unter welcher Telefonnummer sind Sie erreichbar;TELEFONNUMMER_BEKOMMEN
Sagen Sie mir bitte Ihre Telefonnummer;TELEFONNUMMER_BEKOMMEN
Ich hätte gerne Ihre Telefonnummer;TELEFONNUMMER_BEKOMMEN
Könnten Sie mir Ihre Telefonnummer verraten;TELEFONNUMMER_BEKOMMEN
Ihre Handynummer bitte;TELEFONNUMMER_BEKOMMEN
Wie kann ich Sie auf dem Handy erreichen;TELEFONNUMMER_BEKOMMEN
Telefonnummer bitte angeben;TELEFONNUMMER_BEKOMMEN
Bitte Ihre Telefonnummer mitteilen;TELEFONNUMMER_BEKOMMEN
Ich brauche Ihre Kontaktnummer;TELEFONNUMMER_BEKOMMEN
Ihre Mobilnummer bitte;TELEFONNUMMER_BEKOMMEN
Kann ich Ihre Mobilnummer haben;TELEFONNUMMER_BEKOMMEN
Wie lautet Ihre private Nummer;TELEFONNUMMER_BEKOMMEN
Bitte teilen Sie mir Ihre Telefonnummer mit;TELEFONNUMMER_BEKOMMEN
Welche Telefonnummer haben Sie;TELEFONNUMMER_BEKOMMEN
Wie erreiche ich Sie telefonisch am besten;TELEFONNUMMER_BEKOMMEN
Bitte geben Sie Ihre Telefonnummer an;TELEFONNUMMER_BEKOMMEN
Ihre Telefonnummer zur Kontaktaufnahme bitte;TELEFONNUMMER_BEKOMMEN
Ich benötige Ihre Nummer für Rückfragen;TELEFONNUMMER_BEKOMMEN
Können Sie mir Ihre Mobilfunknummer geben;TELEFONNUMMER_BEKOMMEN
Über welche Nummer kann ich Sie erreichen;TELEFONNUMMER_BEKOMMEN
Telefonnummer bitte hier angeben;TELEFONNUMMER_BEKOMMEN
Ihre Kontaktdaten insbesondere die Telefonnummer bitte;TELEFONNUMMER_BEKOMMEN
Ihre Rufnummer bitte angeben;TELEFONNUMMER_BEKOMMEN
Wie ist Ihre Nummer;TELEFONNUMMER_BEKOMMEN
Könnten Sie Ihre Telefonnummer durchgeben;TELEFONNUMMER_BEKOMMEN
Ich brauche Ihre Telefonnummer für Rückfragen;TELEFONNUMMER_BEKOMMEN
Wie lautet Ihre Kontakttelefonnummer;TELEFONNUMMER_BEKOMMEN
An welche Nummer kann ich Sie anrufen;TELEFONNUMMER_BEKOMMEN
Bitte Ihre Handynummer angeben;TELEFONNUMMER_BEKOMMEN
Ich hätte gern Ihre Handynummer;TELEFONNUMMER_BEKOMMEN
Ihre Telefonnummer für Rückmeldungen bitte;TELEFONNUMMER_BEKOMMEN
Wo erreiche ich Sie telefonisch;TELEFONNUMMER_BEKOMMEN
Ihre Festnetznummer bitte;TELEFONNUMMER_BEKOMMEN
Haben Sie eine Telefonnummer für mich zum Kontakt;TELEFONNUMMER_BEKOMMEN
Dürfte ich Ihre Kontakttelefonnummer haben;TELEFONNUMMER_BEKOMMEN
Telefonnummer benötigt bitte;TELEFONNUMMER_BEKOMMEN
Über welche Telefonnummer sind Sie erreichbar;TELEFONNUMMER_BEKOMMEN
Teilen Sie mir Ihre Telefonnummer bitte mit;TELEFONNUMMER_BEKOMMEN
Telefonkontakt erwünscht bitte Nummer angeben;TELEFONNUMMER_BEKOMMEN
Wie kann ich Sie telefonisch kontaktieren;TELEFONNUMMER_BEKOMMEN
Ich brauche Ihre Handynummer;TELEFONNUMMER_BEKOMMEN
Welche Nummer kann ich für Sie wählen;TELEFONNUMMER_BEKOMMEN
Wie lautet Ihre erreichbare Telefonnummer;TELEFONNUMMER_BEKOMMEN
Bitte geben Sie Ihre Handynummer durch;TELEFONNUMMER_BEKOMMEN
Für den Kontakt benötige ich Ihre Telefonnummer;TELEFONNUMMER_BEKOMMEN
Mobilnummer zur Kontaktaufnahme;TELEFONNUMMER_BEKOMMEN
Könnten Sie Ihre Nummer angeben;TELEFONNUMMER_BEKOMMEN
Telefonnummer zwecks Rückruf;TELEFONNUMMER_BEKOMMEN
Telefonnummer zur Kontaktaufnahme bitte;TELEFONNUMMER_BEKOMMEN
Ihre Telefonnummer ist erforderlich;TELEFONNUMMER_BEKOMMEN
Ich hätte gern Ihre Mobilnummer;TELEFONNUMMER_BEKOMMEN
Unter welcher Handynummer sind Sie erreichbar;TELEFONNUMMER_BEKOMMEN
Wie lautet Ihre mobile Nummer;TELEFONNUMMER_BEKOMMEN
Bitte teilen Sie Ihre Mobilnummer mit;TELEFONNUMMER_BEKOMMEN
Könnte ich Ihre Telefonnummer bekommen;TELEFONNUMMER_BEKOMMEN
Darf ich Ihre Telefonnummer notieren;TELEFONNUMMER_BEKOMMEN
Wo kann ich Sie telefonisch erreichen;TELEFONNUMMER_BEKOMMEN
Welche Telefonnummer sollen wir nutzen;TELEFONNUMMER_BEKOMMEN
Bitte Telefonnummer mitteilen für Rückruf;TELEFONNUMMER_BEKOMMEN
Telefonnummer für Rückmeldung bitte;TELEFONNUMMER_BEKOMMEN
Teilen Sie bitte Ihre Telefonnummer;TELEFONNUMMER_BEKOMMEN
Ihre aktuelle Telefonnummer bitte;TELEFONNUMMER_BEKOMMEN
Wie kann ich Sie mobil erreichen;TELEFONNUMMER_BEKOMMEN
Ich brauche Ihre Handynummer dringend;TELEFONNUMMER_BEKOMMEN
Könnten Sie mir bitte Ihre Telefonnummer angeben;TELEFONNUMMER_BEKOMMEN
Telefonnummer für Kontaktaufnahme benötigt;TELEFONNUMMER_BEKOMMEN
Ihre Rufnummer für den Kontakt bitte;TELEFONNUMMER_BEKOMMEN
Ihre Kontakttelefonnummer bitte angeben;TELEFONNUMMER_BEKOMMEN